adminID,name,email,phoneNumber,teamID
1,Larisa Gunthorp,lgunthorp0@constantcontact.com,127-625-6230,3
2,Woody Cochern,wcochern1@ustream.tv,601-670-1710,3
3,Alyse Demcak,ademcak2@geocities.jp,327-242-5688,4
4,Thorvald Blague,tblague3@comsenz.com,891-526-1556,2
5,Joli Grzeszczyk,jgrzeszczyk4@geocities.com,444-986-5013,5
6,Drusi Kendle,dkendle5@cnet.com,558-141-2382,4
7,Carma MacCurley,cmaccurley6@last.fm,816-277-4970,2
8,Antonio Whewill,awhewill7@geocities.com,505-585-8406,1
9,Bamby Goodrich,bgoodrich8@nyu.edu,393-473-3165,3
10,Estella Birtwhistle,ebirtwhistle9@loc.gov,495-140-7974,2
11,Debby Mabone,dmabonea@admin.ch,465-889-4797,6
12,Jacintha Dummett,jdummettb@weebly.com,151-500-2178,2
13,Jozef Sinnock,jsinnockc@biblegateway.com,419-536-0877,6
14,Floyd Winfrey,fwinfreyd@comcast.net,381-463-8690,2
15,Bennie Calton,bcaltone@mozilla.org,461-525-7969,3
16,Eartha Pyne,epynef@netscape.com,277-973-5222,3
17,Chiquia Savatier,csavatierg@alexa.com,577-672-0778,5
18,Antone Sherrin,asherrinh@nhs.uk,571-669-9904,1
19,Annabel Giacoppoli,agiacoppolii@networkadvertising.org,330-920-5576,2
20,Arin Aloshechkin,aaloshechkinj@cnbc.com,285-259-7319,2
21,Doria Berendsen,dberendsenk@hubpages.com,254-200-8914,4
22,Sidnee Radcliffe,sradcliffel@ucsd.edu,895-629-1175,6
23,Daria Brech,dbrechm@tinypic.com,145-409-5017,5
24,Maurizia Hacquel,mhacqueln@chron.com,738-139-6541,1
25,Maritsa Hannum,mhannumo@trellian.com,252-795-2891,5
26,Malena Frude,mfrudep@g.co,722-312-3968,1
27,Iorgos Signore,isignoreq@canalblog.com,968-216-5046,3
28,Gabriel Whittick,gwhittickr@typepad.com,949-220-4983,4
29,Ranice Yoseloff,ryoseloffs@nps.gov,528-618-4263,5
30,Agosto Roddick,aroddickt@unicef.org,344-558-9160,4
31,Boigie Corner,bcorneru@omniture.com,743-560-0268,3
32,Candice Brozsset,cbrozssetv@shareasale.com,508-580-8305,1
33,Ivette Losebie,ilosebiew@friendfeed.com,435-234-9355,6
34,Filippo Liverseege,fliverseegex@cnbc.com,357-659-1944,5
35,Emanuele Moralas,emoralasy@alibaba.com,165-328-3818,4
36,Mercy Underwood,munderwoodz@dion.ne.jp,401-282-7399,2
37,Merola Dowdle,mdowdle10@biglobe.ne.jp,491-739-1801,3
38,Ware Hammon,whammon11@multiply.com,240-643-0015,3
39,Betsey Volcker,bvolcker12@statcounter.com,549-276-4141,4
40,Glyn Ansty,gansty13@craigslist.org,135-158-1890,2
